{"Mg_Al": 0.2593455773584727, "Mg_Si": 0.2593955834802844, "Mg_P": 0.19819858368455956, "Mg_S": 0.19819858368455956, "Mg_K": 0.20975004614050013, "Mg_Ca": 0.24789781707866346, "Mg_Ti": 0.2328812432341105, "Mg_V": 0.20075047352308845, "Mg_Cr": 0.2199689715408672, "Mg_Mn": 0.21364140078171495, "Mg_Fe": 0.19916605181336208, "Mg_Co": 0.2327117928147969, "Mg_Ni": 0.202169735400071, "Mg_Cu": 0.19899017992768658, "Mg_Zn": 0.1997690631067918, "Mg_As": 0.19899017992768658, "Mg_Rb": 0.202169735400071, "Mg_Sr": 0.21334972650561834, "Mg_Y": 0.20267309058797492, "Mg_Zr": 0.2593926200113373, "Mg_Nb": 0.19899017992768658, "Mg_Mo": 0.19819858368455956, "Mg_Cd": 0.19819858368455956, "Mg_Sn": 0.19819858368455956, "Mg_Ba": 0.19896672843202015, "Mg_W": 0.20962324297725765, "Mg_Hg": 0.1989473909415716, "Mg_Pb": 0.19819858368455956, "Mg_Bi": 0.19819858368455956, "Mg_Th": 0.21989309529665968, "Mg_U": 0.19819858368455956, "Mg_LE": 0.20424090674690185, "Al_S": 7.899986175019524e-05, "Al_K": 0.1383616617435361, "Al_Fe": 0.045018281400580056, "Al_Zn": 0.1358796715218835, "Al_Rb": 0.03136765255256272, "Al_Sr": 0.04285764994328837, "Al_Mo": 7.899986175019524e-05, "Al_Bi": 0.0018564967511306985, "Al_U": 7.899986175019524e-05, "Si_S": 0.0030079241011266578, "Si_K": 0.13021920396227704, "Si_Sr": 0.040936827776201064, "Si_Mo": 0.0030079241011266578, "Si_Bi": 0.003191202630586032, "Si_U": 0.003191202630586032, "P_S": 0.0, "P_Sr": 0.033135509396636995, "P_Mo": 0.0, "P_Bi": 0.0, "P_Th": 0.011904761904761904, "P_U": 0.0, "S_K": 0.00015698587127155328, "S_Ca": 0.0005176957831325435, "S_Ti": 0.0, "S_V": 0.0, "S_Cr": 0.0, "S_Mn": 0.0, "S_Fe": 3.281593541820671e-05, "S_Co": 0.0, "S_Ni": 0.0, "S_Cu": 0.0, "S_Zn": 0.0, "S_As": 0.0, "S_Rb": 0.0, "S_Sr": 0.0009891196834817054, "S_Y": 0.0, "S_Zr": 0.0, "S_Nb": 0.0, "S_Mo": 0.0, "S_Cd": 0.0, "S_Sn": 0.0, "S_Ba": 0.0, "S_W": 0.0, "S_Hg": 0.0, "S_Pb": 0.0, "S_Bi": 0.0, "S_Th": 0.0, "S_U": 0.0, "S_LE": 0.0002454068026765399, "K_Ca": 0.11851323054002941, "K_Sr": 0.04462995375710705, "K_Mo": 0.0, "K_Bi": 0.0, "K_U": 0.0, "Ca_Sr": 0.04327293316083457, "Ca_Mo": 0.0005176957831325435, "Ca_Bi": 0.00633471385542167, "Ca_U": 0.0005176957831325435, "Ti_Zn": 0.01673640167364021, "Ti_Sr": 0.04181844125771772, "Ti_Mo": 0.0, "Ti_Bi": 0.0, "Ti_U": 0.0, "V_Sr": 0.03590384685177386, "V_Mo": 0.0, "V_Bi": 0.0, "V_U": 0.0, "Cr_Sr": 0.034635489057901425, "Cr_Mo": 0.0, "Cr_Bi": 0.0, "Cr_Th": 0.009523809523809601, "Cr_U": 0.0, "Mn_Sr": 0.04990656937102159, "Mn_Mo": 0.0, "Mn_Bi": 0.0, "Mn_U": 0.0, "Fe_Sr": 0.04456302064194121, "Fe_Mo": 0.0, "Fe_Bi": 0.0, "Fe_U": 0.0, "Co_Sr": 0.026046818331684804, "Co_Mo": 0.0, "Co_Bi": 0.0, "Co_Th": 0.011904761904761904, "Co_U": 0.0, "Ni_Sr": 0.03791625453346521, "Ni_Mo": 0.0, "Ni_Bi": 0.0, "Ni_U": 0.0, "Cu_Sr": 0.041213320145070884, "Cu_Mo": 0.0, "Cu_Bi": 0.0, "Cu_U": 0.0, "Zn_Sr": 0.06387919563246704, "Zn_Mo": 0.0, "Zn_Bi": 0.0, "Zn_U": 0.0, "As_Sr": 0.036927134849983514, "As_Mo": 0.0, "As_Bi": 0.0, "As_U": 0.0, "Rb_Sr": 0.04575648336778266, "Rb_Mo": 0.0, "Rb_Bi": 0.0, "Rb_U": 0.0, "Sr_Y": 0.04220243982855258, "Sr_Zr": 0.04261524031549252, "Sr_Nb": 0.041213320145070884, "Sr_Mo": 0.0009891196834817054, "Sr_Cd": 0.021266073194856575, "Sr_Ba": 0.03823864118073777, "Sr_W": 0.04319155951203429, "Sr_Pb": 0.0631388064622486, "Sr_Bi": 0.0009891196834817054, "Sr_Th": 0.007912957467853608, "Sr_U": 0.0009891196834817054, "Sr_LE": 0.03349872118658682, "Y_Mo": 0.0, "Y_Bi": 0.0, "Y_U": 0.0, "Zr_Mo": 0.0, "Zr_Bi": 0.0, "Zr_U": 0.0, "Nb_Mo": 0.0, "Nb_Bi": 0.0, "Nb_U": 0.0, "Mo_Cd": 0.0, "Mo_Sn": 0.0, "Mo_Ba": 0.0, "Mo_W": 0.0, "Mo_Hg": 0.0, "Mo_Pb": 0.0, "Mo_Bi": 0.0, "Mo_Th": 0.0, "Mo_U": 0.0, "Mo_LE": 4.90813605353857e-05, "Cd_Bi": 0.0, "Cd_U": 0.0, "Sn_Bi": 0.0, "Sn_U": 0.0, "Ba_Bi": 0.0, "Ba_U": 0.0, "W_Bi": 0.0, "W_U": 0.0, "Hg_Bi": 0.0, "Hg_U": 0.0, "Pb_Bi": 0.0, "Pb_U": 0.0, "Bi_Th": 0.0, "Bi_U": 0.0, "Bi_LE": 4.90813605353857e-05, "Th_U": 0.0, "U_LE": 9.816272107066037e-05}