{"MgAl": 0.2593455773584727, "MgSi": 0.2593955834802844, "MgP": 0.19819858368455956, "MgS": 0.19819858368455956, "MgK": 0.20975004614050013, "MgCa": 0.24789781707866346, "MgTi": 0.2328812432341105, "MgV": 0.20075047352308845, "MgCr": 0.2199689715408672, "MgMn": 0.21364140078171495, "MgFe": 0.19916605181336208, "MgCo": 0.2327117928147969, "MgNi": 0.202169735400071, "MgCu": 0.19899017992768658, "MgZn": 0.1997690631067918, "MgAs": 0.19899017992768658, "MgRb": 0.202169735400071, "MgSr": 0.21334972650561834, "MgY": 0.20267309058797492, "MgZr": 0.2593926200113373, "MgNb": 0.19899017992768658, "MgMo": 0.19819858368455956, "MgCd": 0.19819858368455956, "MgSn": 0.19819858368455956, "MgBa": 0.19896672843202015, "MgW": 0.20962324297725765, "MgHg": 0.1989473909415716, "MgPb": 0.19819858368455956, "MgBi": 0.19819858368455956, "MgTh": 0.21989309529665968, "MgU": 0.19819858368455956, "MgLE": 0.20424090674690185, "AlS": 7.899986175019524e-05, "AlK": 0.1383616617435361, "AlFe": 0.045018281400580056, "AlZn": 0.1358796715218835, "AlRb": 0.03136765255256272, "AlSr": 0.04285764994328837, "AlMo": 7.899986175019524e-05, "AlBi": 0.0018564967511306985, "AlU": 7.899986175019524e-05, "SiS": 0.0030079241011266578, "SiK": 0.13021920396227704, "SiSr": 0.040936827776201064, "SiMo": 0.0030079241011266578, "SiBi": 0.003191202630586032, "SiU": 0.003191202630586032, "PS": 0.0, "PSr": 0.033135509396636995, "PMo": 0.0, "PBi": 0.0, "PTh": 0.011904761904761904, "PU": 0.0, "SK": 0.00015698587127155328, "SCa": 0.0005176957831325435, "STi": 0.0, "SV": 0.0, "SCr": 0.0, "SMn": 0.0, "SFe": 3.281593541820671e-05, "SCo": 0.0, "SNi": 0.0, "SCu": 0.0, "SZn": 0.0, "SAs": 0.0, "SRb": 0.0, "SSr": 0.0009891196834817054, "SY": 0.0, "SZr": 0.0, "SNb": 0.0, "SMo": 0.0, "SCd": 0.0, "SSn": 0.0, "SBa": 0.0, "SW": 0.0, "SHg": 0.0, "SPb": 0.0, "SBi": 0.0, "STh": 0.0, "SU": 0.0, "SLE": 0.0002454068026765399, "KCa": 0.11851323054002941, "KSr": 0.04462995375710705, "KMo": 0.0, "KBi": 0.0, "KU": 0.0, "CaSr": 0.04327293316083457, "CaMo": 0.0005176957831325435, "CaBi": 0.00633471385542167, "CaU": 0.0005176957831325435, "TiZn": 0.01673640167364021, "TiSr": 0.04181844125771772, "TiMo": 0.0, "TiBi": 0.0, "TiU": 0.0, "VSr": 0.03590384685177386, "VMo": 0.0, "VBi": 0.0, "VU": 0.0, "CrSr": 0.034635489057901425, "CrMo": 0.0, "CrBi": 0.0, "CrTh": 0.009523809523809601, "CrU": 0.0, "MnSr": 0.04990656937102159, "MnMo": 0.0, "MnBi": 0.0, "MnU": 0.0, "FeSr": 0.04456302064194121, "FeMo": 0.0, "FeBi": 0.0, "FeU": 0.0, "CoSr": 0.026046818331684804, "CoMo": 0.0, "CoBi": 0.0, "CoTh": 0.011904761904761904, "CoU": 0.0, "NiSr": 0.03791625453346521, "NiMo": 0.0, "NiBi": 0.0, "NiU": 0.0, "CuSr": 0.041213320145070884, "CuMo": 0.0, "CuBi": 0.0, "CuU": 0.0, "ZnSr": 0.06387919563246704, "ZnMo": 0.0, "ZnBi": 0.0, "ZnU": 0.0, "AsSr": 0.036927134849983514, "AsMo": 0.0, "AsBi": 0.0, "AsU": 0.0, "RbSr": 0.04575648336778266, "RbMo": 0.0, "RbBi": 0.0, "RbU": 0.0, "SrY": 0.04220243982855258, "SrZr": 0.04261524031549252, "SrNb": 0.041213320145070884, "SrMo": 0.0009891196834817054, "SrCd": 0.021266073194856575, "SrBa": 0.03823864118073777, "SrW": 0.04319155951203429, "SrPb": 0.0631388064622486, "SrBi": 0.0009891196834817054, "SrTh": 0.007912957467853608, "SrU": 0.0009891196834817054, "SrLE": 0.03349872118658682, "YMo": 0.0, "YBi": 0.0, "YU": 0.0, "ZrMo": 0.0, "ZrBi": 0.0, "ZrU": 0.0, "NbMo": 0.0, "NbBi": 0.0, "NbU": 0.0, "MoCd": 0.0, "MoSn": 0.0, "MoBa": 0.0, "MoW": 0.0, "MoHg": 0.0, "MoPb": 0.0, "MoBi": 0.0, "MoTh": 0.0, "MoU": 0.0, "MoLE": 4.90813605353857e-05, "CdBi": 0.0, "CdU": 0.0, "SnBi": 0.0, "SnU": 0.0, "BaBi": 0.0, "BaU": 0.0, "WBi": 0.0, "WU": 0.0, "HgBi": 0.0, "HgU": 0.0, "PbBi": 0.0, "PbU": 0.0, "BiTh": 0.0, "BiU": 0.0, "BiLE": 4.90813605353857e-05, "ThU": 0.0, "ULE": 9.816272107066037e-05}