{"Mg_Al": 0.0, "Mg_Si": 0.0, "Mg_P": 0.0, "Mg_S": 0.0, "Mg_K": 0.0, "Mg_Ca": 0.0, "Mg_Ti": 0.0, "Mg_V": 0.0, "Mg_Cr": 0.0, "Mg_Mn": 0.0, "Mg_Fe": 0.0, "Mg_Co": 0.0, "Mg_Ni": 0.0, "Mg_Cu": 0.0, "Mg_Zn": 0.0, "Mg_As": 0.0, "Mg_Se": 0.0, "Mg_Rb": 0.0, "Mg_Sr": 0.0, "Mg_Y": 0.0, "Mg_Zr": 0.0, "Mg_Nb": 0.0, "Mg_Mo": 0.0, "Mg_Ag": 0.0, "Mg_Cd": 0.0, "Mg_Sn": 0.0, "Mg_Sb": 0.0, "Mg_Ba": 0.0, "Mg_W": 0.0, "Mg_Hg": 0.0, "Mg_Pb": 0.0, "Mg_Bi": 0.0, "Mg_Th": 0.0, "Mg_U": 0.0, "Mg_LE": 0.0, "Al_Si": 189877213.0890392, "Al_P": 2013628.8274810372, "Al_S": 0.0, "Al_K": 0.0, "Al_Ca": 255794958.3886075, "Al_Ti": 2468217.3454878363, "Al_V": 592330.2762751884, "Al_Cr": 206557.82405320302, "Al_Mn": 1028316.0071142241, "Al_Fe": 0.0, "Al_Co": 507463.4656780549, "Al_Ni": 48799.847974952514, "Al_Cu": 3543.923677321786, "Al_Zn": 0.0, "Al_As": 2849.95291463251, "Al_Se": 0.0, "Al_Rb": 0.0, "Al_Sr": 0.0, "Al_Y": 38627.295445667674, "Al_Zr": 207662.04156495925, "Al_Nb": 16644.92084316243, "Al_Mo": 0.0, "Al_Ag": 0.0, "Al_Cd": 166848.46675764967, "Al_Sn": 200786.28935061666, "Al_Sb": 0.0, "Al_Ba": 10834620.335187808, "Al_W": 39205.852701991054, "Al_Hg": 13066.477818913814, "Al_Pb": 16156.037847716367, "Al_Bi": 0.0, "Al_Th": 342.6660060998667, "Al_U": 0.0, "Al_LE": 2014154.0122283902, "Si_P": 7671710.990523359, "Si_S": 0.0, "Si_K": 0.0, "Si_Ca": 393695090.2041057, "Si_Ti": 15947858.475420032, "Si_V": 2461449.435872391, "Si_Cr": 841073.7688569123, "Si_Mn": 6984976.0, "Si_Fe": 110232302.4823251, "Si_Co": 1897279.9536656507, "Si_Ni": 395086.91170040733, "Si_Cu": 200953.70539403823, "Si_Zn": 500817.1393202997, "Si_As": 38862.121820555636, "Si_Se": 0.0, "Si_Rb": 48160.46475223967, "Si_Sr": 0.0, "Si_Y": 190024.31613741413, "Si_Zr": 837470.5382464163, "Si_Nb": 89779.43666415583, "Si_Mo": 0.0, "Si_Ag": 0.0, "Si_Cd": 710112.57479604, "Si_Sn": 786324.0, "Si_Sb": 0.0, "Si_Ba": 48405754.85235526, "Si_W": 139339.74138925187, "Si_Hg": 53718.83142803679, "Si_Pb": 271938.73592834425, "Si_Bi": 0.0, "Si_Th": 1009.5923458985137, "Si_U": 0.0, "Si_LE": 9965756.51633409, "P_S": 0.0, "P_K": 655158.0, "P_Ca": 10204949.842873968, "P_Ti": 149537.95376796112, "P_V": 3661.003057466225, "P_Cr": 1493.346321922797, "P_Mn": 30560.0, "P_Fe": 876634.0, "P_Co": 5022.479001657764, "P_Ni": 796.6372552360183, "P_Cu": 684.54724667326, "P_Zn": 2090.662651635521, "P_As": 841.6790044858144, "P_Se": 0.0, "P_Rb": 1029.2929451420093, "P_Sr": 0.0, "P_Y": 382.45554326554924, "P_Zr": 7391.9504232164445, "P_Nb": 249.11218635733195, "P_Mo": 0.0, "P_Ag": 0.0, "P_Cd": 1378.9352517985612, "P_Sn": 1357.914143577241, "P_Sb": 0.0, "P_Ba": 116920.43789018207, "P_W": 1171.3597179747717, "P_Hg": 164.45, "P_Pb": 308.72551928783383, "P_Bi": 0.0, "P_Th": 0.0, "P_U": 0.0, "P_LE": 4440051.197340006, "S_K": 0.0, "S_Ca": 0.0, "S_Ti": 0.0, "S_V": 0.0, "S_Cr": 0.0, "S_Mn": 0.0, "S_Fe": 0.0, "S_Co": 0.0, "S_Ni": 0.0, "S_Cu": 0.0, "S_Zn": 0.0, "S_As": 0.0, "S_Se": 0.0, "S_Rb": 0.0, "S_Sr": 0.0, "S_Y": 0.0, "S_Zr": 0.0, "S_Nb": 0.0, "S_Mo": 0.0, "S_Ag": 0.0, "S_Cd": 0.0, "S_Sn": 0.0, "S_Sb": 0.0, "S_Ba": 0.0, "S_W": 0.0, "S_Hg": 0.0, "S_Pb": 0.0, "S_Bi": 0.0, "S_Th": 0.0, "S_U": 0.0, "S_LE": 0.0, "K_Ca": 0.0, "K_Ti": 148374.1712600543, "K_V": 221196.91811094803, "K_Cr": 94696.42044907271, "K_Mn": 433291.83198062587, "K_Fe": 18270087.194486134, "K_Co": 170866.24004528538, "K_Ni": 40819.12938742035, "K_Cu": 22816.264675778588, "K_Zn": 57930.24699178957, "K_As": 6177.000096290137, "K_Se": 0.0, "K_Rb": 51591.0, "K_Sr": 0.0, "K_Y": 15334.418110847524, "K_Zr": 6015.20556354268, "K_Nb": 4915.276600557884, "K_Mo": 0.0, "K_Ag": 0.0, "K_Cd": 31778.465723188347, "K_Sn": 45144.54500892308, "K_Sb": 0.0, "K_Ba": 1158555.8813481661, "K_W": 26929.57208074933, "K_Hg": 5223.425901729747, "K_Pb": 11470.547695864569, "K_Bi": 0.0, "K_Th": 89.36628444402807, "K_U": 0.0, "K_LE": 64986790.03198387, "Ca_Ti": 21451367.43104411, "Ca_V": 2257635.9121304597, "Ca_Cr": 747181.7603141422, "Ca_Mn": 6631189.0, "Ca_Fe": 5728646.371977558, "Ca_Co": 2931571.380779715, "Ca_Ni": 353366.80954052455, "Ca_Cu": 109563.01393450948, "Ca_Zn": 858125.4038569476, "Ca_As": 47122.61812130892, "Ca_Se": 0.0, "Ca_Rb": 258432.67786711562, "Ca_Sr": 0.0, "Ca_Y": 100173.17953754672, "Ca_Zr": 617598.7548741235, "Ca_Nb": 85579.86811390564, "Ca_Mo": 0.0, "Ca_Ag": 0.0, "Ca_Cd": 554310.3897873783, "Ca_Sn": 792023.5, "Ca_Sb": 0.0, "Ca_Ba": 39529592.850677446, "Ca_W": 155333.9500825632, "Ca_Hg": 71229.9413622628, "Ca_Pb": 217849.71300920143, "Ca_Bi": 0.0, "Ca_Th": 2324.875468835096, "Ca_U": 0.0, "Ca_LE": 34515883.351206735, "Ti_V": 29096.952750862212, "Ti_Cr": 14364.227761970551, "Ti_Mn": 73740.02088656911, "Ti_Fe": 111272.68030699927, "Ti_Co": 24837.598466396277, "Ti_Ni": 3299.0628058117272, "Ti_Cu": 2084.8015129839164, "Ti_Zn": 0.0, "Ti_As": 547.4608128707658, "Ti_Se": 0.0, "Ti_Rb": 1673.796033097524, "Ti_Sr": 0.0, "Ti_Y": 2144.356545811017, "Ti_Zr": 18696.398409280162, "Ti_Nb": 968.9628570882312, "Ti_Mo": 0.0, "Ti_Ag": 0.0, "Ti_Cd": 11305.379617209242, "Ti_Sn": 11763.559583078997, "Ti_Sb": 0.0, "Ti_Ba": 617018.2658642384, "Ti_W": 3640.0468102547284, "Ti_Hg": 864.3727769120744, "Ti_Pb": 894.2196420900633, "Ti_Bi": 0.0, "Ti_Th": 16.081973167510252, "Ti_U": 0.0, "Ti_LE": 22598972.380361333, "V_Cr": 2181.3454626950816, "V_Mn": 9939.958396711203, "V_Fe": 202055.9361121556, "V_Co": 2056.7658862876256, "V_Ni": 455.8443661971832, "V_Cu": 378.17590352944507, "V_Zn": 1483.6223762714637, "V_As": 158.0, "V_Se": 0.0, "V_Rb": 1255.9983912483913, "V_Sr": 0.0, "V_Y": 411.6339886315392, "V_Zr": 4460.527638190955, "V_Nb": 173.7368421052632, "V_Mo": 0.0, "V_Ag": 0.0, "V_Cd": 476.1333333333333, "V_Sn": 465.727555053642, "V_Sb": 0.0, "V_Ba": 46085.93416574501, "V_W": 434.5941062801933, "V_Hg": 58.255319148936174, "V_Pb": 306.18137651821866, "V_Bi": 0.0, "V_Th": 4.468174962292611, "V_U": 0.0, "V_LE": 1846107.2954469926, "Cr_Mn": 4562.322322947465, "Cr_Fe": 113135.26724041232, "Cr_Co": 548.0804739948236, "Cr_Ni": 234.12356979405038, "Cr_Cu": 249.1764705882353, "Cr_Zn": 709.1169504493703, "Cr_As": 74.7924528301887, "Cr_Se": 0.0, "Cr_Rb": 685.9541991276429, "Cr_Sr": 0.0, "Cr_Y": 335.17486085343234, "Cr_Zr": 2306.9493608729085, "Cr_Nb": 154.18434343434348, "Cr_Mo": 0.0, "Cr_Ag": 0.0, "Cr_Cd": 345.4634146341463, "Cr_Sn": 294.25, "Cr_Sb": 0.0, "Cr_Ba": 23456.215647974408, "Cr_W": 257.15942028985506, "Cr_Hg": 30.94736842105263, "Cr_Pb": 180.75, "Cr_Bi": 0.0, "Cr_Th": 0.0, "Cr_U": 0.0, "Cr_LE": 646777.0595383106, "Mn_Fe": 455641.09814771934, "Mn_Co": 8350.0, "Mn_Ni": 1553.6756872718975, "Mn_Cu": 1292.3304683479155, "Mn_Zn": 2627.0, "Mn_As": 1029.3289925667304, "Mn_Se": 0.0, "Mn_Rb": 3422.152764951424, "Mn_Sr": 0.0, "Mn_Y": 741.3455056179773, "Mn_Zr": 14778.128706331745, "Mn_Nb": 452.8601694915254, "Mn_Mo": 0.0, "Mn_Ag": 0.0, "Mn_Cd": 2470.0633684909412, "Mn_Sn": 2288.9325267116915, "Mn_Sb": 0.0, "Mn_Ba": 156142.04356060707, "Mn_W": 1492.4903225595801, "Mn_Hg": 266.0, "Mn_Pb": 725.2431972789117, "Mn_Bi": 0.0, "Mn_Th": 3.4102564102564195, "Mn_U": 0.0, "Mn_LE": 3573199.752298809, "Fe_Co": 241637.0612709088, "Fe_Ni": 45441.87332137429, "Fe_Cu": 34190.52296739122, "Fe_Zn": 56709.68265476036, "Fe_As": 6596.466922787367, "Fe_Se": 0.0, "Fe_Rb": 53401.28047016275, "Fe_Sr": 0.0, "Fe_Y": 15480.31243913072, "Fe_Zr": 33288.45321942696, "Fe_Nb": 7025.931712566887, "Fe_Mo": 0.0, "Fe_Ag": 0.0, "Fe_Cd": 69646.51701109187, "Fe_Sn": 77292.70507255364, "Fe_Sb": 0.0, "Fe_Ba": 1833796.5902580488, "Fe_W": 48499.779776991694, "Fe_Hg": 9289.072728114063, "Fe_Pb": 23202.59815324765, "Fe_Bi": 0.0, "Fe_Th": 50.82379665900584, "Fe_U": 0.0, "Fe_LE": 195191293.5583065, "Co_Ni": 152.35319452515873, "Co_Cu": 163.0191256830601, "Co_Zn": 414.6400679117148, "Co_As": 273.78472222222223, "Co_Se": 0.0, "Co_Rb": 179.72665042348302, "Co_Sr": 0.0, "Co_Y": 63.64285714285714, "Co_Zr": 3117.5536984939286, "Co_Nb": 43.623333333333335, "Co_Mo": 0.0, "Co_Ag": 0.0, "Co_Cd": 425.2584269662922, "Co_Sn": 536.4166666666667, "Co_Sb": 0.0, "Co_Ba": 47574.3082628673, "Co_W": 143.859375,