{"MgAl": 0.0, "MgSi": 0.0, "MgP": 0.0, "MgS": 0.0, "MgK": 0.0, "MgCa": 0.0, "MgTi": 0.0, "MgV": 0.0, "MgCr": 0.0, "MgMn": 0.0, "MgFe": 0.0, "MgCo": 0.0, "MgNi": 0.0, "MgCu": 0.0, "MgZn": 0.0, "MgAs": 0.0, "MgSe": 0.0, "MgRb": 0.0, "MgSr": 0.0, "MgY": 0.0, "MgZr": 0.0, "MgNb": 0.0, "MgMo": 0.0, "MgAg": 0.0, "MgCd": 0.0, "MgSn": 0.0, "MgSb": 0.0, "MgBa": 0.0, "MgW": 0.0, "MgHg": 0.0, "MgPb": 0.0, "MgBi": 0.0, "MgTh": 0.0, "MgU": 0.0, "MgLE": 0.0, "AlSi": 189877213.0890392, "AlP": 2013628.8274810372, "AlS": 0.0, "AlK": 0.0, "AlCa": 255794958.3886075, "AlTi": 2468217.3454878363, "AlV": 592330.2762751884, "AlCr": 206557.82405320302, "AlMn": 1028316.0071142241, "AlFe": 0.0, "AlCo": 507463.4656780549, "AlNi": 48799.847974952514, "AlCu": 3543.923677321786, "AlZn": 0.0, "AlAs": 2849.95291463251, "AlSe": 0.0, "AlRb": 0.0, "AlSr": 0.0, "AlY": 38627.295445667674, "AlZr": 207662.04156495925, "AlNb": 16644.92084316243, "AlMo": 0.0, "AlAg": 0.0, "AlCd": 166848.46675764967, "AlSn": 200786.28935061666, "AlSb": 0.0, "AlBa": 10834620.335187808, "AlW": 39205.852701991054, "AlHg": 13066.477818913814, "AlPb": 16156.037847716367, "AlBi": 0.0, "AlTh": 342.6660060998667, "AlU": 0.0, "AlLE": 2014154.0122283902, "SiP": 7671710.990523359, "SiS": 0.0, "SiK": 0.0, "SiCa": 393695090.2041057, "SiTi": 15947858.475420032, "SiV": 2461449.435872391, "SiCr": 841073.7688569123, "SiMn": 6984976.0, "SiFe": 110232302.4823251, "SiCo": 1897279.9536656507, "SiNi": 395086.91170040733, "SiCu": 200953.70539403823, "SiZn": 500817.1393202997, "SiAs": 38862.121820555636, "SiSe": 0.0, "SiRb": 48160.46475223967, "SiSr": 0.0, "SiY": 190024.31613741413, "SiZr": 837470.5382464163, "SiNb": 89779.43666415583, "SiMo": 0.0, "SiAg": 0.0, "SiCd": 710112.57479604, "SiSn": 786324.0, "SiSb": 0.0, "SiBa": 48405754.85235526, "SiW": 139339.74138925187, "SiHg": 53718.83142803679, "SiPb": 271938.73592834425, "SiBi": 0.0, "SiTh": 1009.5923458985137, "SiU": 0.0, "SiLE": 9965756.51633409, "PS": 0.0, "PK": 655158.0, "PCa": 10204949.842873968, "PTi": 149537.95376796112, "PV": 3661.003057466225, "PCr": 1493.346321922797, "PMn": 30560.0, "PFe": 876634.0, "PCo": 5022.479001657764, "PNi": 796.6372552360183, "PCu": 684.54724667326, "PZn": 2090.662651635521, "PAs": 841.6790044858144, "PSe": 0.0, "PRb": 1029.2929451420093, "PSr": 0.0, "PY": 382.45554326554924, "PZr": 7391.9504232164445, "PNb": 249.11218635733195, "PMo": 0.0, "PAg": 0.0, "PCd": 1378.9352517985612, "PSn": 1357.914143577241, "PSb": 0.0, "PBa": 116920.43789018207, "PW": 1171.3597179747717, "PHg": 164.45, "PPb": 308.72551928783383, "PBi": 0.0, "PTh": 0.0, "PU": 0.0, "PLE": 4440051.197340006, "SK": 0.0, "SCa": 0.0, "STi": 0.0, "SV": 0.0, "SCr": 0.0, "SMn": 0.0, "SFe": 0.0, "SCo": 0.0, "SNi": 0.0, "SCu": 0.0, "SZn": 0.0, "SAs": 0.0, "SSe": 0.0, "SRb": 0.0, "SSr": 0.0, "SY": 0.0, "SZr": 0.0, "SNb": 0.0, "SMo": 0.0, "SAg": 0.0, "SCd": 0.0, "SSn": 0.0, "SSb": 0.0, "SBa": 0.0, "SW": 0.0, "SHg": 0.0, "SPb": 0.0, "SBi": 0.0, "STh": 0.0, "SU": 0.0, "SLE": 0.0, "KCa": 0.0, "KTi": 148374.1712600543, "KV": 221196.91811094803, "KCr": 94696.42044907271, "KMn": 433291.83198062587, "KFe": 18270087.194486134, "KCo": 170866.24004528538, "KNi": 40819.12938742035, "KCu": 22816.264675778588, "KZn": 57930.24699178957, "KAs": 6177.000096290137, "KSe": 0.0, "KRb": 51591.0, "KSr": 0.0, "KY": 15334.418110847524, "KZr": 6015.20556354268, "KNb": 4915.276600557884, "KMo": 0.0, "KAg": 0.0, "KCd": 31778.465723188347, "KSn": 45144.54500892308, "KSb": 0.0, "KBa": 1158555.8813481661, "KW": 26929.57208074933, "KHg": 5223.425901729747, "KPb": 11470.547695864569, "KBi": 0.0, "KTh": 89.36628444402807, "KU": 0.0, "KLE": 64986790.03198387, "CaTi": 21451367.43104411, "CaV": 2257635.9121304597, "CaCr": 747181.7603141422, "CaMn": 6631189.0, "CaFe": 5728646.371977558, "CaCo": 2931571.380779715, "CaNi": 353366.80954052455, "CaCu": 109563.01393450948, "CaZn": 858125.4038569476, "CaAs": 47122.61812130892, "CaSe": 0.0, "CaRb": 258432.67786711562, "CaSr": 0.0, "CaY": 100173.17953754672, "CaZr": 617598.7548741235, "CaNb": 85579.86811390564, "CaMo": 0.0, "CaAg": 0.0, "CaCd": 554310.3897873783, "CaSn": 792023.5, "CaSb": 0.0, "CaBa": 39529592.850677446, "CaW": 155333.9500825632, "CaHg": 71229.9413622628, "CaPb": 217849.71300920143, "CaBi": 0.0, "CaTh": 2324.875468835096, "CaU": 0.0, "CaLE": 34515883.351206735, "TiV": 29096.952750862212, "TiCr": 14364.227761970551, "TiMn": 73740.02088656911, "TiFe": 111272.68030699927, "TiCo": 24837.598466396277, "TiNi": 3299.0628058117272, "TiCu": 2084.8015129839164, "TiZn": 0.0, "TiAs": 547.4608128707658, "TiSe": 0.0, "TiRb": 1673.796033097524, "TiSr": 0.0, "TiY": 2144.356545811017, "TiZr": 18696.398409280162, "TiNb": 968.9628570882312, "TiMo": 0.0, "TiAg": 0.0, "TiCd": 11305.379617209242, "TiSn": 11763.559583078997, "TiSb": 0.0, "TiBa": 617018.2658642384, "TiW": 3640.0468102547284, "TiHg": 864.3727769120744, "TiPb": 894.2196420900633, "TiBi": 0.0, "TiTh": 16.081973167510252, "TiU": 0.0, "TiLE": 22598972.380361333, "VCr": 2181.3454626950816, "VMn": 9939.958396711203, "VFe": 202055.9361121556, "VCo": 2056.7658862876256, "VNi": 455.8443661971832, "VCu": 378.17590352944507, "VZn": 1483.6223762714637, "VAs": 158.0, "VSe": 0.0, "VRb": 1255.9983912483913, "VSr": 0.0, "VY": 411.6339886315392, "VZr": 4460.527638190955, "VNb": 173.7368421052632, "VMo": 0.0, "VAg": 0.0, "VCd": 476.1333333333333, "VSn": 465.727555053642, "VSb": 0.0, "VBa": 46085.93416574501, "VW": 434.5941062801933, "VHg": 58.255319148936174, "VPb": 306.18137651821866, "VBi": 0.0, "VTh": 4.468174962292611, "VU": 0.0, "VLE": 1846107.2954469926, "CrMn": 4562.322322947465, "CrFe": 113135.26724041232, "CrCo": 548.0804739948236, "CrNi": 234.12356979405038, "CrCu": 249.1764705882353, "CrZn": 709.1169504493703, "CrAs": 74.7924528301887, "CrSe": 0.0, "CrRb": 685.9541991276429, "CrSr": 0.0, "CrY": 335.17486085343234, "CrZr": 2306.9493608729085, "CrNb": 154.18434343434348, "CrMo": 0.0, "CrAg": 0.0, "CrCd": 345.4634146341463, "CrSn": 294.25, "CrSb": 0.0, "CrBa": 23456.215647974408, "CrW": 257.15942028985506, "CrHg": 30.94736842105263, "CrPb": 180.75, "CrBi": 0.0, "CrTh": 0.0, "CrU": 0.0, "CrLE": 646777.0595383106, "MnFe": 455641.09814771934, "MnCo": 8350.0, "MnNi": 1553.6756872718975, "MnCu": 1292.3304683479155, "MnZn": 2627.0, "MnAs": 1029.3289925667304, "MnSe": 0.0, "MnRb": 3422.152764951424, "MnSr": 0.0, "MnY": 741.3455056179773, "MnZr": 14778.128706331745, "MnNb": 452.8601694915254, "MnMo": 0.0, "MnAg": 0.0, "MnCd": 2470.0633684909412, "MnSn": 2288.9325267116915, "MnSb": 0.0, "MnBa": 156142.04356060707, "MnW": 1492.4903225595801, "MnHg": 266.0, "MnPb": 725.2431972789117, "MnBi": 0.0, "MnTh": 3.4102564102564195, "MnU": 0.0, "MnLE": 3573199.752298809, "FeCo": 241637.0612709088, "FeNi": 45441.87332137429, "FeCu": 34190.52296739122, "FeZn": 56709.68265476036, "FeAs": 6596.466922787367, "FeSe": 0.0, "FeRb": 53401.28047016275, "FeSr": 0.0, "FeY": 15480.31243913072, "FeZr": 33288.45321942696, "FeNb": 7025.931712566887, "FeMo": 0.0, "FeAg": 0.0, "FeCd": 69646.51701109187, "FeSn": 77292.70507255364, "FeSb": 0.0, "FeBa": 1833796.5902580488, "FeW": 48499.779776991694, "FeHg": 9289.072728114063, "FePb": 23202.59815324765, "FeBi": 0.0, "FeTh": 50.82379665900584, "FeU": 0.0, "FeLE": 195191293.5583065, "CoNi": 152.35319452515873, "CoCu": 163.0191256830601, "CoZn": 414.6400679117148, "CoAs": 273.78472222222223, "CoSe": 0.0, "CoRb": 179.72665042348302, "CoSr": 0.0, "CoY": 63.64285714285714, "CoZr": 3117.5536984939286, "CoNb": 43.623333333333335, "CoMo": 0.0, "CoAg": 0.0, "CoCd": 425.2584269662922, "CoSn": 536.4166666666667, "CoSb": 0.0, "CoBa": 47574.3082628673, "CoW": 143.859375, "CoHg": 52.0, "CoPb": 75.9322033898305, "CoBi": 0.0, "CoTh": 0.0, "CoU": 0.0, "CoLE": 1357244.0597412314, "NiCu": 58.375, "NiZn": 172.34873188405794, "NiAs": 21.666666666666664, "NiSe": 0.0, "NiRb": 156.6, "NiSr": 0.0, "NiY": 38.5, "NiZr": 223.41320166320168, "NiNb": 25.333333333333332, "NiMo": 0.0, "NiAg": 0.0, "NiCd": 88.52631578947368, "NiSn": 93.33646616541354,