{"Mg": 0.0, "S": 0.0, "Se": 0.0, "Mo": 0.0, "Ag": 0.0, "Sb": 0.0, "Bi": 0.0, "U": 0.0, "Sr": 0.6674083014115553, "Th": 3914.4338834892537, "Hg": 197684.80038193232, "As": 199020.09554138058, "Nb": 294278.4885503828, "Cu": 539593.0127418921, "W": 602338.0596049906, "Y": 606130.7429426895, "Pb": 675115.0498440544, "Rb": 972088.370455151, "Ni": 1125567.0085686105, "Cd": 1822810.3464166517, "Zn": 2004705.6846015947, "Sn": 2176695.490936755, "Cr": 2701885.6808548532, "Zr": 2840088.4006352145, "Co": 7200093.203593807, "V": 7684320.633039376, "Mn": 19423050.996674243, "P": 26187175.800146207, "Ti": 63692556.00275801, "K": 86465251.15378529, "Ba": 111743192.189491, "Fe": 333736618.2606779, "LE": 353719793.15147597, "Al": 466091993.3440561, "Ca": 777711101.1892736, "Si": 792244063.8784206}