{"Se": 0, "Ag": 0, "Sb": 0, "Sn": 0.19819858368455956, "Hg": 0.1989473909415716, "Mo": 0.20284140447458604, "U": 0.2030737643645807, "S": 0.20322753172341695, "Bi": 0.21061919796571504, "Cd": 0.21946465687941613, "As": 0.23591731477767008, "V": 0.2366543203748623, "Ba": 0.23720536961275793, "LE": 0.23818136017830663, "Ni": 0.2400859899335362, "Cu": 0.24020350007275748, "Nb": 0.24020350007275748, "P": 0.24323885498595849, "Y": 0.2448755304165275, "W": 0.25281480248929195, "Th": 0.2611393860978467, "Pb": 0.2613373901468082, "Mn": 0.26354797015273657, "Cr": 0.2641282701225782, "Co": 0.2706633730512436, "Rb": 0.2792938713204164, "Fe": 0.28878016979130156, "Ti": 0.29143608616546846, "Zr": 0.3020078603268298, "Zn": 0.4162643319347825, "Ca": 0.41757178198434675, "Si": 0.4429498686821879, "K": 0.6416310820147213, "Al": 0.6549239908567047, "Sr": 1.2139834126078568, "Mg": 6.7692635024316745}