{"timeout_seconds":300,"alpha":{"10":0,"15":0.7714285714285715,"20":0.2650793650793651,"25":0.29365079365079366,"30":0.07936507936507936,"35":0,"40":0,"45":0,"50":0,"55":0.0873015873015873,"60":0.0873015873015873,"65":0.0873015873015873,"70":0.0873015873015873,"75":0.0873015873015873,"80":0.0873015873015873,"85":0.0873015873015873,"90":0.4666666666666667,"95":0,"100":0.17142857142857143}}