{"timeout_seconds":150,"alpha":{"10":0,"15":0.2650793650793651,"20":0,"25":0,"30":0,"35":0,"40":0,"45":0,"50":0,"55":0.5,"60":0,"65":0.49523809523809526,"70":0,"75":0,"80":0,"85":0,"90":0,"95":0,"100":0}}