{"timeout_seconds":150,"alpha":{"10":0,"15":0.5317460317460317,"20":0,"25":0,"30":0.5317460317460317,"35":0.4936507936507937,"40":0.5317460317460317,"45":0,"50":0.4936507936507937,"55":0,"60":0,"65":0.5317460317460317,"70":0.5317460317460317,"75":0.5317460317460317,"80":0.5317460317460317,"85":0.5317460317460317,"90":0.5317460317460317,"95":0.5317460317460317,"100":0.5317460317460317}}